MMSI,BaseDateTime,LAT,LON,SOG,COG,Heading,VesselName,IMO,CallSign,VesselType,Status,Length,Width,Draft,Cargo
200000000,2026-01-01 00:00:00,21.079520876664443,39.351190795544866,10.158293710110962,229.30620743572354,229.30620743572354,VESSEL_000,9000000,C0000,70,0,180,28,9.5,70
200000000,2026-01-01 00:10:00,21.06102608404405,39.32849222198427,10.158293710110962,229.30620743572354,229.30620743572354,VESSEL_000,9000000,C0000,70,0,180,28,9.5,70
200000000,2026-01-01 00:20:00,21.04253129142366,39.30579364842367,10.158293710110962,229.30620743572354,229.30620743572354,VESSEL_000,9000000,C0000,70,0,180,28,9.5,70
200000000,2026-01-01 00:30:00,21.02403649880327,39.283095074863084,10.158293710110962,229.30620743572354,229.30620743572354,VESSEL_000,9000000,C0000,70,0,180,28,9.5,70
200000000,2026-01-01 00:40:00,21.00554170618288,39.26039650130249,10.158293710110962,229.30620743572354,229.30620743572354,VESSEL_000,9000000,C0000,70,0,180,28,9.5,70
200000000,2026-01-01 00:50:00,20.987046913562487,39.23769792774189,10.158293710110962,229.30620743572354,229.30620743572354,VESSEL_000,9000000,C0000,70,0,180,28,9.5,70
200000000,2026-01-01 01:00:00,20.9685521209421,39.214999354181295,10.158293710110962,229.30620743572354,229.30620743572354,VESSEL_000,9000000,C0000,70,0,180,28,9.5,70
200000000,2026-01-01 01:10:00,20.95005732832171,39.1923007806207,10.158293710110962,229.30620743572354,229.30620743572354,VESSEL_000,9000000,C0000,70,0,180,28,9.5,70
200000000,2026-01-01 01:20:00,20.931562535701318,39.1696022070601,10.158293710110962,229.30620743572354,229.30620743572354,VESSEL_000,9000000,C0000,70,0,180,28,9.5,70
200000000,2026-01-01 01:30:00,20.913067743080926,39.146903633499505,10.158293710110962,229.30620743572354,229.30620743572354,VESSEL_000,9000000,C0000,70,0,180,28,9.5,70
200000000,2026-01-01 01:40:00,20.894572950460535,39.12420505993891,10.158293710110962,229.30620743572354,229.30620743572354,VESSEL_000,9000000,C0000,70,0,180,28,9.5,70
200000000,2026-01-01 01:50:00,20.876078157840144,39.10150648637831,10.158293710110962,229.30620743572354,229.30620743572354,VESSEL_000,9000000,C0000,70,0,180,28,9.5,70
200000000,2026-01-01 02:00:00,20.857583365219753,39.078807912817716,10.158293710110962,229.30620743572354,229.30620743572354,VESSEL_000,9000000,C0000,70,0,180,28,9.5,70
200000000,2026-01-01 02:10:00,20.839088572599366,39.05610933925712,10.158293710110962,229.30620743572354,229.30620743572354,VESSEL_000,9000000,C0000,70,0,180,28,9.5,70
200000000,2026-01-01 02:20:00,20.820593779978974,39.03341076569652,10.158293710110962,229.30620743572354,229.30620743572354,VESSEL_000,9000000,C0000,70,0,180,28,9.5,70
200000000,2026-01-01 02:30:00,20.802098987358583,39.01071219213593,10.158293710110962,229.30620743572354,229.30620743572354,VESSEL_000,9000000,C0000,70,0,180,28,9.5,70
200000000,2026-01-01 02:40:00,20.783604194738192,38.98801361857533,10.158293710110962,229.30620743572354,229.30620743572354,VESSEL_000,9000000,C0000,70,0,180,28,9.5,70
200000000,2026-01-01 02:50:00,20.7651094021178,38.965315045014734,10.158293710110962,229.30620743572354,229.30620743572354,VESSEL_000,9000000,C0000,70,0,180,28,9.5,70
200000000,2026-01-01 03:00:00,20.74661460949741,38.94261647145414,10.158293710110962,229.30620743572354,229.30620743572354,VESSEL_000,9000000,C0000,70,0,180,28,9.5,70
200000000,2026-01-01 03:10:00,20.72811981687702,38.91991789789354,10.158293710110962,229.30620743572354,229.30620743572354,VESSEL_000,9000000,C0000,70,0,180,28,9.5,70
200000000,2026-01-01 03:20:00,20.709625024256628,38.897219324332944,10.158293710110962,229.30620743572354,229.30620743572354,VESSEL_000,9000000,C0000,70,0,180,28,9.5,70
200000000,2026-01-01 03:30:00,20.69113023163624,38.87452075077235,10.158293710110962,229.30620743572354,229.30620743572354,VESSEL_000,9000000,C0000,70,0,180,28,9.5,70
200000000,2026-01-01 03:40:00,20.67263543901585,38.85182217721176,10.158293710110962,229.30620743572354,229.30620743572354,VESSEL_000,9000000,C0000,70,0,180,28,9.5,70
200000000,2026-01-01 03:50:00,20.654140646395458,38.82912360365116,10.158293710110962,229.30620743572354,229.30620743572354,VESSEL_000,9000000,C0000,70,0,180,28,9.5,70
200000000,2026-01-01 04:00:00,20.635645853775067,38.806425030090566,10.158293710110962,229.30620743572354,229.30620743572354,VESSEL_000,9000000,C0000,70,0,180,28,9.5,70
200000000,2026-01-01 04:10:00,20.617151061154676,38.78372645652997,10.158293710110962,229.30620743572354,229.30620743572354,VESSEL_000,9000000,C0000,70,0,180,28,9.5,70
200000000,2026-01-01 04:20:00,20.598656268534285,38.76102788296937,10.158293710110962,229.30620743572354,229.30620743572354,VESSEL_000,9000000,C0000,70,0,180,28,9.5,70
200000000,2026-01-01 04:30:00,20.580161475913894,38.738329309408776,10.158293710110962,229.30620743572354,229.30620743572354,VESSEL_000,9000000,C0000,70,0,180,28,9.5,70
200000000,2026-01-01 04:40:00,20.561666683293506,38.71563073584818,10.158293710110962,229.30620743572354,229.30620743572354,VESSEL_000,9000000,C0000,70,0,180,28,9.5,70
200000000,2026-01-01 04:50:00,20.543171890673115,38.69293216228758,10.158293710110962,229.30620743572354,229.30620743572354,VESSEL_000,9000000,C0000,70,0,180,28,9.5,70
200000000,2026-01-01 05:00:00,20.524677098052724,38.67023358872699,10.158293710110962,229.30620743572354,229.30620743572354,VESSEL_000,9000000,C0000,70,0,180,28,9.5,70
200000000,2026-01-01 05:10:00,20.506182305432333,38.64753501516639,10.158293710110962,229.30620743572354,229.30620743572354,VESSEL_000,9000000,C0000,70,0,180,28,9.5,70
200000000,2026-01-01 05:20:00,20.48768751281194,38.624836441605794,10.158293710110962,229.30620743572354,229.30620743572354,VESSEL_000,9000000,C0000,70,0,180,28,9.5,70
200000000,2026-01-01 05:30:00,20.46919272019155,38.6021378680452,10.158293710110962,229.30620743572354,229.30620743572354,VESSEL_000,9000000,C0000,70,0,180,28,9.5,70
200000000,2026-01-01 05:40:00,20.45069792757116,38.5794392944846,10.158293710110962,229.30620743572354,229.30620743572354,VESSEL_000,9000000,C0000,70,0,180,28,9.5,70
200000000,2026-01-01 05:50:00,20.43220313495077,38.556740720924005,10.158293710110962,229.30620743572354,229.30620743572354,VESSEL_000,9000000,C0000,70,0,180,28,9.5,70
200000000,2026-01-01 06:00:00,20.41370834233038,38.53404214736341,10.158293710110962,229.30620743572354,229.30620743572354,VESSEL_000,9000000,C0000,70,0,180,28,9.5,70
200000000,2026-01-01 06:10:00,20.39521354970999,38.51134357380281,10.158293710110962,229.30620743572354,229.30620743572354,VESSEL_000,9000000,C0000,70,0,180,28,9.5,70
200000000,2026-01-01 06:20:00,20.3767187570896,38.488645000242215,10.158293710110962,229.30620743572354,229.30620743572354,VESSEL_000,9000000,C0000,70,0,180,28,9.5,70
200000000,2026-01-01 06:30:00,20.358223964469207,38.46594642668162,10.158293710110962,229.30620743572354,229.30620743572354,VESSEL_000,9000000,C0000,70,0,180,28,9.5,70
200000000,2026-01-01 06:40:00,20.339729171848816,38.44324785312102,10.158293710110962,229.30620743572354,229.30620743572354,VESSEL_000,9000000,C0000,70,0,180,28,9.5,70
200000000,2026-01-01 06:50:00,20.321234379228425,38.42054927956043,10.158293710110962,229.30620743572354,229.30620743572354,VESSEL_000,9000000,C0000,70,0,180,28,9.5,70
200000000,2026-01-01 07:00:00,20.302739586608034,38.397850705999836,10.158293710110962,229.30620743572354,229.30620743572354,VESSEL_000,9000000,C0000,70,0,180,28,9.5,70
200000000,2026-01-01 07:10:00,20.284244793987646,38.37515213243924,10.158293710110962,229.30620743572354,229.30620743572354,VESSEL_000,9000000,C0000,70,0,180,28,9.5,70
200000000,2026-01-01 07:20:00,20.265750001367255,38.35245355887864,10.158293710110962,229.30620743572354,229.30620743572354,VESSEL_000,9000000,C0000,70,0,180,28,9.5,70
200000000,2026-01-01 07:30:00,20.247255208746864,38.32975498531805,10.158293710110962,229.30620743572354,229.30620743572354,VESSEL_000,9000000,C0000,70,0,180,28,9.5,70
200000000,2026-01-01 07:40:00,20.228760416126473,38.30705641175745,10.158293710110962,229.30620743572354,229.30620743572354,VESSEL_000,9000000,C0000,70,0,180,28,9.5,70
200000000,2026-01-01 07:50:00,20.210265623506082,38.284357838196854,10.158293710110962,229.30620743572354,229.30620743572354,VESSEL_000,9000000,C0000,70,0,180,28,9.5,70
200000000,2026-01-01 08:00:00,20.19177083088569,38.26165926463626,10.158293710110962,229.30620743572354,229.30620743572354,VESSEL_000,9000000,C0000,70,0,180,28,9.5,70
200000000,2026-01-01 08:10:00,20.1732760382653,38.23896069107566,10.158293710110962,229.30620743572354,229.30620743572354,VESSEL_000,9000000,C0000,70,0,180,28,9.5,70
200000000,2026-01-01 08:20:00,20.15478124564491,38.216262117515065,10.158293710110962,229.30620743572354,229.30620743572354,VESSEL_000,9000000,C0000,70,0,180,28,9.5,70
200000000,2026-01-01 08:30:00,20.13628645302452,38.19356354395447,10.158293710110962,229.30620743572354,229.30620743572354,VESSEL_000,9000000,C0000,70,0,180,28,9.5,70
200000000,2026-01-01 08:40:00,20.11779166040413,38.17086497039387,10.158293710110962,229.30620743572354,229.30620743572354,VESSEL_000,9000000,C0000,70,0,180,28,9.5,70
200000000,2026-01-01 08:50:00,20.09929686778374,38.148166396833275,10.158293710110962,229.30620743572354,229.30620743572354,VESSEL_000,9000000,C0000,70,0,180,28,9.5,70
200000000,2026-01-01 09:00:00,20.080802075163348,38.12546782327268,10.158293710110962,229.30620743572354,229.30620743572354,VESSEL_000,9000000,C0000,70,0,180,28,9.5,70
200000000,2026-01-01 09:10:00,20.062307282542957,38.10276924971208,10.158293710110962,229.30620743572354,229.30620743572354,VESSEL_000,9000000,C0000,70,0,180,28,9.5,70
200000000,2026-01-01 09:20:00,20.043812489922566,38.080070676151486,10.158293710110962,229.30620743572354,229.30620743572354,VESSEL_000,9000000,C0000,70,0,180,28,9.5,70
200000000,2026-01-01 09:30:00,20.025317697302174,38.05737210259089,10.158293710110962,229.30620743572354,229.30620743572354,VESSEL_000,9000000,C0000,70,0,180,28,9.5,70
200000000,2026-01-01 09:40:00,20.006822904681787,38.03467352903029,10.158293710110962,229.30620743572354,229.30620743572354,VESSEL_000,9000000,C0000,70,0,180,28,9.5,70
200000000,2026-01-01 09:50:00,19.988328112061396,38.0119749554697,10.158293710110962,229.30620743572354,229.30620743572354,VESSEL_000,9000000,C0000,70,0,180,28,9.5,70
200000000,2026-01-01 10:00:00,19.969833319441005,37.98927638190911,10.158293710110962,229.30620743572354,229.30620743572354,VESSEL_000,9000000,C0000,70,0,180,28,9.5,70
200000000,2026-01-01 10:10:00,19.951338526820614,37.96657780834851,10.158293710110962,229.30620743572354,229.30620743572354,VESSEL_000,9000000,C0000,70,0,180,28,9.5,70
200000000,2026-01-01 10:20:00,19.932843734200222,37.943879234787914,10.158293710110962,229.30620743572354,229.30620743572354,VESSEL_000,9000000,C0000,70,0,180,28,9.5,70
200000000,2026-01-01 10:30:00,19.91434894157983,37.92118066122732,10.158293710110962,229.30620743572354,229.30620743572354,VESSEL_000,9000000,C0000,70,0,180,28,9.5,70
200000000,2026-01-01 10:40:00,19.89585414895944,37.89848208766672,10.158293710110962,229.30620743572354,229.30620743572354,VESSEL_000,9000000,C0000,70,0,180,28,9.5,70
200000000,2026-01-01 10:50:00,19.87735935633905,37.875783514106125,10.158293710110962,229.30620743572354,229.30620743572354,VESSEL_000,9000000,C0000,70,0,180,28,9.5,70
200000000,2026-01-01 11:00:00,19.85886456371866,37.85308494054553,10.158293710110962,229.30620743572354,229.30620743572354,VESSEL_000,9000000,C0000,70,0,180,28,9.5,70
200000000,2026-01-01 11:10:00,19.84036977109827,37.83038636698493,10.158293710110962,229.30620743572354,229.30620743572354,VESSEL_000,9000000,C0000,70,0,180,28,9.5,70
200000000,2026-01-01 11:20:00,19.82187497847788,37.807687793424336,10.158293710110962,229.30620743572354,229.30620743572354,VESSEL_000,9000000,C0000,70,0,180,28,9.5,70
200000000,2026-01-01 11:30:00,19.80338018585749,37.78498921986374,10.158293710110962,229.30620743572354,229.30620743572354,VESSEL_000,9000000,C0000,70,0,180,28,9.5,70
200000000,2026-01-01 11:40:00,19.784885393237097,37.76229064630314,10.158293710110962,229.30620743572354,229.30620743572354,VESSEL_000,9000000,C0000,70,0,180,28,9.5,70
200000000,2026-01-01 11:50:00,19.766390600616706,37.739592072742546,10.158293710110962,229.30620743572354,229.30620743572354,VESSEL_000,9000000,C0000,70,0,180,28,9.5,70
200000000,2026-01-01 12:00:00,19.747895807996315,37.71689349918195,10.158293710110962,229.30620743572354,229.30620743572354,VESSEL_000,9000000,C0000,70,0,180,28,9.5,70
200000001,2026-01-01 00:00:00,19.890096146142724,42.321248717440504,15.302044618221775,292.77728611209807,292.77728611209807,VESSEL_001,9000001,C0001,70,0,180,28,9.5,70
200000001,2026-01-01 00:10:00,19.906638568741336,42.27933609395198,15.302044618221775,292.77728611209807,292.77728611209807,VESSEL_001,9000001,C0001,70,0,180,28,9.5,70
200000001,2026-01-01 00:20:00,19.92318099133995,42.23742347046347,15.302044618221775,292.77728611209807,292.77728611209807,VESSEL_001,9000001,C0001,70,0,180,28,9.5,70
200000001,2026-01-01 00:30:00,19.939723413938566,42.19551084697495,15.302044618221775,292.77728611209807,292.77728611209807,VESSEL_001,9000001,C0001,70,0,180,28,9.5,70
200000001,2026-01-01 00:40:00,19.95626583653718,42.153598223486426,15.302044618221775,292.77728611209807,292.77728611209807,VESSEL_001,9000001,C0001,70,0,180,28,9.5,70
200000001,2026-01-01 00:50:00,19.972808259135796,42.111685599997905,15.302044618221775,292.77728611209807,292.77728611209807,VESSEL_001,9000001,C0001,70,0,180,28,9.5,70
200000001,2026-01-01 01:00:00,19.989350681734408,42.06977297650939,15.302044618221775,292.77728611209807,292.77728611209807,VESSEL_001,9000001,C0001,70,0,180,28,9.5,70
200000001,2026-01-01 01:10:00,20.005893104333023,42.02786035302087,15.302044618221775,292.77728611209807,292.77728611209807,VESSEL_001,9000001,C0001,70,0,180,28,9.5,70
200000001,2026-01-01 01:20:00,20.022435526931638,41.98594772953235,15.302044618221775,292.77728611209807,292.77728611209807,VESSEL_001,9000001,C0001,70,0,180,28,9.5,70
200000001,2026-01-01 01:30:00,20.038977949530253,41.94403510604383,15.302044618221775,292.77728611209807,292.77728611209807,VESSEL_001,9000001,C0001,70,0,180,28,9.5,70
200000001,2026-01-01 01:40:00,20.055520372128864,41.90212248255531,15.302044618221775,292.77728611209807,292.77728611209807,VESSEL_001,9000001,C0001,70,0,180,28,9.5,70
200000001,2026-01-01 01:50:00,20.07206279472748,41.86020985906679,15.302044618221775,292.77728611209807,292.77728611209807,VESSEL_001,9000001,C0001,70,0,180,28,9.5,70
200000001,2026-01-01 02:00:00,20.088605217326094,41.81829723557827,15.302044618221775,292.77728611209807,292.77728611209807,VESSEL_001,9000001,C0001,70,0,180,28,9.5,70
200000001,2026-01-01 02:10:00,20.10514763992471,41.77638461208975,15.302044618221775,292.77728611209807,292.77728611209807,VESSEL_001,9000001,C0001,70,0,180,28,9.5,70
200000001,2026-01-01 02:20:00,20.121690062523324,41.734471988601236,15.302044618221775,292.77728611209807,292.77728611209807,VESSEL_001,9000001,C0001,70,0,180,28,9.5,70
200000001,2026-01-01 02:30:00,20.138232485121936,41.692559365112714,15.302044618221775,292.77728611209807,292.77728611209807,VESSEL_001,9000001,C0001,70,0,180,28,9.5,70
200000001,2026-01-01 02:40:00,20.15477490772055,41.65064674162419,15.302044618221775,292.77728611209807,292.77728611209807,VESSEL_001,9000001,C0001,70,0,180,28,9.5,70
200000001,2026-01-01 02:50:00,20.171317330319166,41.60873411813567,15.302044618221775,292.77728611209807,292.77728611209807,VESSEL_001,9000001,C0001,70,0,180,28,9.5,70
200000001,2026-01-01 03:00:00,20.18785975291778,41.56682149464716,15.302044618221775,292.77728611209807,292.77728611209807,VESSEL_001,9000001,C0001,70,0,180,28,9.5,70
200000001,2026-01-01 03:10:00,20.204402175516393,41.52490887115864,15.302044618221775,292.77728611209807,292.77728611209807,VESSEL_001,9000001,C0001,70,0,180,28,9.5,70
200000001,2026-01-01 03:20:00,20.220944598115008,41.482996247670116,15.302044618221775,292.77728611209807,292.77728611209807,VESSEL_001,9000001,C0001,70,0,180,28,9.5,70
200000001,2026-01-01 03:30:00,20.237487020713623,41.441083624181594,15.302044618221775,292.77728611209807,292.77728611209807,VESSEL_001,9000001,C0001,70,0,180,28,9.5,70
200000001,2026-01-01 03:40:00,20.254029443312238,41.39917100069308,15.302044618221775,292.77728611209807,292.77728611209807,VESSEL_001,9000001,C0001,70,0,180,28,9.5,70
200000001,2026-01-01 03:50:00,20.270571865910853,41.35725837720456,15.302044618221775,292.77728611209807,292.77728611209807,VESSEL_001,9000001,C0001,70,0,180,28,9.5,70
200000001,2026-01-01 04:00:00,20.287114288509464,41.31534575371604,15.302044618221775,292.77728611209807,292.77728611209807,VESSEL_001,9000001,C0001,70,0,180,28,9.5,70
200000001,2026-01-01 04:10:00,20.30365671110808,41.27343313022752,15.302044618221775,292.77728611209807,292.77728611209807,VESSEL_001,9000001,C0001,70,0,180,28,9.5,70
200000001,2026-01-01 04:20:00,20.320199133706694,41.231520506739,15.302044618221775,292.77728611209807,292.77728611209807,VESSEL_001,9000001,C0001,70,0,180,28,9.5,70
200000001,2026-01-01 04:30:00,20.33674155630531,41.18960788325048,15.302044618221775,292.77728611209807,292.77728611209807,VESSEL_001,9000001,C0001,70,0,180,28,9.5,70
200000001,2026-01-01 04:40:00,20.35328397890392,41.14769525976196,15.302044618221775,292.77728611209807,292.77728611209807,VESSEL_001,9000001,C0001,70,0,180,28,9.5,70
200000001,2026-01-01 04:50:00,20.369826401502536,41.10578263627344,15.302044618221775,292.77728611209807,292.77728611209807,VESSEL_001,9000001,C0001,70,0,180,28,9.5,70
200000001,2026-01-01 05:00:00,20.38636882410115,41.063870012784925,15.302044618221775,292.77728611209807,292.77728611209807,VESSEL_001,9000001,C0001,70,0,180,28,9.5,70
200000001,2026-01-01 05:10:00,20.402911246699766,41.021957389296404,15.302044618221775,292.77728611209807,292.77728611209807,VESSEL_001,9000001,C0001,70,0,180,28,9.5,70
200000001,2026-01-01 05:20:00,20.419453669298377,40.98004476580788,15.302044618221775,292.77728611209807,292.77728611209807,VESSEL_001,9000001,C0001,70,0,180,28,9.5,70
200000001,2026-01-01 05:30:00,20.435996091896993,40.93813214231936,15.302044618221775,292.77728611209807,292.77728611209807,VESSEL_001,9000001,C0001,70,0,180,28,9.5,70
200000001,2026-01-01 05:40:00,20.452538514495608,40.89621951883085,15.302044618221775,292.77728611209807,292.77728611209807,VESSEL_001,9000001,C0001,70,0,180,28,9.5,70
200000001,2026-01-01 05:50:00,20.469080937094223,40.854306895342326,15.302044618221775,292.77728611209807,292.77728611209807,VESSEL_001,9000001,C0001,70,0,180,28,9.5,70
200000001,2026-01-01 06:00:00,20.485623359692838,40.812394271853805,15.302044618221775,292.77728611209807,292.77728611209807,VESSEL_001,9000001,C0001,70,0,180,28,9.5,70
200000001,2026-01-01 06:10:00,20.50216578229145,40.77048164836528,15.302044618221775,292.77728611209807,292.77728611209807,VESSEL_001,9000001,C0001,70,0,180,28,9.5,70
200000001,2026-01-01 06:20:00,20.518708204890064,40.72856902487676,15.302044618221775,292.77728611209807,292.77728611209807,VESSEL_001,9000001,C0001,70,0,180,28,9.5,70
200000001,2026-01-01 06:30:00,20.53525062748868,40.68665640138825,15.302044618221775,292.77728611209807,292.77728611209807,VESSEL_001,9000001,C0001,70,0,180,28,9.5,70
200000001,2026-01-01 06:40:00,20.551793050087294,40.64474377789973,15.302044618221775,292.77728611209807,292.77728611209807,VESSEL_001,9000001,C0001,70,0,180,28,9.5,70
200000001,2026-01-01 06:50:00,20.568335472685906,40.602831154411206,15.302044618221775,292.77728611209807,292.77728611209807,VESSEL_001,9000001,C0001,70,0,180,28,9.5,70
200000001,2026-01-01 07:00:00,20.58487789528452,40.560918530922685,15.302044618221775,292.77728611209807,292.77728611209807,VESSEL_001,9000001,C0001,70,0,180,28,9.5,70
200000001,2026-01-01 07:10:00,20.601420317883136,40.51900590743417,15.302044618221775,292.77728611209807,292.77728611209807,VESSEL_001,9000001,C0001,70,0,180,28,9.5,70
200000001,2026-01-01 07:20:00,20.61796274048175,40.47709328394565,15.302044618221775,292.77728611209807,292.77728611209807,VESSEL_001,9000001,C0001,70,0,180,28,9.5,70
200000001,2026-01-01 07:30:00,20.634505163080362,40.43518066045713,15.302044618221775,292.77728611209807,292.77728611209807,VESSEL_001,9000001,C0001,70,0,180,28,9.5,70
200000001,2026-01-01 07:40:00,20.651047585678977,40.39326803696861,15.302044618221775,292.77728611209807,292.77728611209807,VESSEL_001,9000001,C0001,70,0,180,28,9.5,70
200000001,2026-01-01 07:50:00,20.667590008277593,40.35135541348009,15.302044618221775,292.77728611209807,292.77728611209807,VESSEL_001,9000001,C0001,70,0,180,28,9.5,70
200000001,2026-01-01 08:00:00,20.684132430876208,40.30944278999157,15.302044618221775,292.77728611209807,292.77728611209807,VESSEL_001,9000001,C0001,70,0,180,28,9.5,70
200000001,2026-01-01 08:10:00,20.700674853474823,40.26753016650305,15.302044618221775,292.77728611209807,292.77728611209807,VESSEL_001,9000001,C0001,70,0,180,28,9.5,70
200000001,2026-01-01 08:20:00,20.717217276073434,40.22561754301453,15.302044618221775,292.77728611209807,292.77728611209807,VESSEL_001,9000001,C0001,70,0,180,28,9.5,70
200000001,2026-01-01 08:30:00,20.73375969867205,40.183704919526015,15.302044618221775,292.77728611209807,292.77728611209807,VESSEL_001,9000001,C0001,70,0,180,28,9.5,70
200000001,2026-01-01 08:40:00,20.750302121270664,40.141792296037494,15.302044618221775,292.77728611209807,292.77728611209807,VESSEL_001,9000001,C0001,70,0,180,28,9.5,70
200000001,2026-01-01 08:50:00,20.76684454386928,40.09987967254897,15.302044618221775,292.77728611209807,292.77728611209807,VESSEL_001,9000001,C0001,70,0,180,28,9.5,70
200000001,2026-01-01 09:00:00,20.78338696646789,40.05796704906045,15.302044618221775,292.77728611209807,292.77728611209807,VESSEL_001,9000001,C0001,70,0,180,28,9.5,70
200000001,2026-01-01 09:10:00,20.799929389066506,40.01605442557194,15.302044618221775,292.77728611209807,292.77728611209807,VESSEL_001,9000001,C0001,70,0,180,28,9.5,70
200000001,2026-01-01 09:20:00,20.81647181166512,39.974141802083416,15.302044618221775,292.77728611209807,292.77728611209807,VESSEL_001,9000001,C0001,70,0,180,28,9.5,70
200000001,2026-01-01 09:30:00,20.833014234263736,39.932229178594895,15.302044618221775,292.77728611209807,292.77728611209807,VESSEL_001,9000001,C0001,70,0,180,28,9.5,70
200000001,2026-01-01 09:40:00,20.84955665686235,39.890316555106374,15.302044618221775,292.77728611209807,292.77728611209807,VESSEL_001,9000001,C0001,70,0,180,28,9.5,70
200000001,2026-01-01 09:50:00,20.866099079460962,39.84840393161786,15.302044618221775,292.77728611209807,292.77728611209807,VESSEL_001,9000001,C0001,70,0,180,28,9.5,70
200000001,2026-01-01 10:00:00,20.882641502059577,39.80649130812934,15.302044618221775,292.77728611209807,292.77728611209807,VESSEL_001,9000001,C0001,70,0,180,28,9.5,70
200000001,2026-01-01 10:10:00,20.899183924658193,39.76457868464082,15.302044618221775,292.77728611209807,292.77728611209807,VESSEL_001,9000001,C0001,70,0,180,28,9.5,70
200000001,2026-01-01 10:20:00,20.915726347256808,39.722666061152296,15.302044618221775,292.77728611209807,292.77728611209807,VESSEL_001,9000001,C0001,70,0,180,28,9.5,70
200000001,2026-01-01 10:30:00,20.93226876985542,39.68075343766378,15.302044618221775,292.77728611209807,292.77728611209807,VESSEL_001,9000001,C0001,70,0,180,28,9.5,70
200000001,2026-01-01 10:40:00,20.948811192454034,39.63884081417526,15.302044618221775,292.77728611209807,292.77728611209807,VESSEL_001,9000001,C0001,70,0,180,28,9.5,70
200000001,2026-01-01 10:50:00,20.96535361505265,39.59692819068674,15.302044618221775,292.77728611209807,292.77728611209807,VESSEL_001,9000001,C0001,70,0,180,28,9.5,70
200000001,2026-01-01 11:00:00,20.981896037651264,39.55501556719822,15.302044618221775,292.77728611209807,292.77728611209807,VESSEL_001,9000001,C0001,70,0,180,28,9.5,70
200000001,2026-01-01 11:10:00,20.998438460249876,39.513102943709704,15.302044618221775,292.77728611209807,292.77728611209807,VESSEL_001,9000001,C0001,70,0,180,28,9.5,70
200000001,2026-01-01 11:20:00,21.01498088284849,39.47119032022118,15.302044618221775,292.77728611209807,292.77728611209807,VESSEL_001,9000001,C0001,70,0,180,28,9.5,70
200000001,2026-01-01 11:30:00,21.031523305447106,39.42927769673266,15.302044618221775,292.77728611209807,292.77728611209807,VESSEL_001,9000001,C0001,70,0,180,28,9.5,70
200000001,2026-01-01 11:40:00,21.04806572804572,39.38736507324414,15.302044618221775,292.77728611209807,292.77728611209807,VESSEL_001,9000001,C0001,70,0,180,28,9.5,70
200000001,2026-01-01 11:50:00,21.064608150644336,39.34545244975562,15.302044618221775,292.77728611209807,292.77728611209807,VESSEL_001,9000001,C0001,70,0,180,28,9.5,70
200000001,2026-01-01 12:00:00,21.081150573242947,39.303539826267105,15.302044618221775,292.77728611209807,292.77728611209807,VESSEL_001,9000001,C0001,70,0,180,28,9.5,70
200000002,2026-01-01 00:00:00,24.357098957198097,38.61476811379555,15.480579390302147,195.70499692755223,195.70499692755223,VESSEL_002,9000002,C0002,70,0,180,28,9.5,70
200000002,2026-01-01 00:10:00,24.315485472704385,38.60228144477185,15.480579390302147,195.70499692755223,195.70499692755223,VESSEL_002,9000002,C0002,70,0,180,28,9.5,70
200000002,2026-01-01 00:20:00,24.273871988210672,38.58979477574814,15.480579390302147,195.70499692755223,195.70499692755223,VESSEL_002,9000002,C0002,70,0,180,28,9.5,70
200000002,2026-01-01 00:30:00,24.23225850371696,38.57730810672444,15.480579390302147,195.70499692755223,195.70499692755223,VESSEL_002,9000002,C0002,70,0,180,28,9.5,70
200000002,2026-01-01 00:40:00,24.190645019223247,38.564821437700736,15.480579390302147,195.70499692755223,195.70499692755223,VESSEL_002,9000002,C0002,70,0,180,28,9.5,70
200000002,2026-01-01 00:50:00,24.149031534729538,38.552334768677035,15.480579390302147,195.70499692755223,195.70499692755223,VESSEL_002,9000002,C0002,70,0,180,28,9.5,70
200000002,2026-01-01 01:00:00,24.107418050235825,38.539848099653334,15.480579390302147,195.70499692755223,195.70499692755223,VESSEL_002,9000002,C0002,70,0,180,28,9.5,70
200000002,2026-01-01 01:10:00,24.065804565742113,38.52736143062963,15.480579390302147,195.70499692755223,195.70499692755223,VESSEL_002,9000002,C0002,70,0,180,28,9.5,70
200000002,2026-01-01 01:20:00,24.0241910812484,38.514874761605924,15.480579390302147,195.70499692755223,195.70499692755223,VESSEL_002,9000002,C0002,70,0,180,28,9.5,70
200000002,2026-01-01 01:30:00,23.982577596754687,38.50238809258222,15.480579390302147,195.70499692755223,195.70499692755223,VESSEL_002,9000002,C0002,70,0,180,28,9.5,70
200000002,2026-01-01 01:40:00,23.94096411226098,38.48990142355852,15.480579390302147,195.70499692755223,195.70499692755223,VESSEL_002,9000002,C0002,70,0,180,28,9.5,70
200000002,2026-01-01 01:50:00,23.899350627767266,38.47741475453482,15.480579390302147,195.70499692755223,195.70499692755223,VESSEL_002,9000002,C0002,70,0,180,28,9.5,70
200000002,2026-01-01 02:00:00,23.857737143273553,38.46492808551112,15.480579390302147,195.70499692755223,195.70499692755223,VESSEL_002,9000002,C0002,70,0,180,28,9.5,70
200000002,2026-01-01 02:10:00,23.81612365877984,38.45244141648742,15.480579390302147,195.70499692755223,195.70499692755223,VESSEL_002,9000002,C0002,70,0,180,28,9.5,70
200000002,2026-01-01 02:20:00,23.774510174286128,38.439954747463716,15.480579390302147,195.70499692755223,195.70499692755223,VESSEL_002,9000002,C0002,70,0,180,28,9.5,70
200000002,2026-01-01 02:30:00,23.732896689792415,38.42746807844001,15.480579390302147,195.70499692755223,195.70499692755223,VESSEL_002,9000002,C0002,70,0,180,28,9.5,70
200000002,2026-01-01 02:40:00,23.691283205298703,38.414981409416306,15.480579390302147,195.70499692755223,195.70499692755223,VESSEL_002,9000002,C0002,70,0,180,28,9.5,70
200000002,2026-01-01 02:50:00,23.649669720804994,38.402494740392605,15.480579390302147,195.70499692755223,195.70499692755223,VESSEL_002,9000002,C0002,70,0,180,28,9.5,70
200000002,2026-01-01 03:00:00,23.60805623631128,38.390008071368904,15.480579390302147,195.70499692755223,195.70499692755223,VESSEL_002,9000002,C0002,70,0,180,28,9.5,70
200000002,2026-01-01 03:10:00,23.56644275181757,38.3775214023452,15.480579390302147,195.70499692755223,195.70499692755223,VESSEL_002,9000002,C0002,70,0,180,28,9.5,70
200000002,2026-01-01 03:20:00,23.524829267323856,38.3650347333215,15.480579390302147,195.70499692755223,195.70499692755223,VESSEL_002,9000002,C0002,70,0,180,28,9.5,70
200000002,2026-01-01 03:30:00,23.483215782830143,38.35254806429779,15.480579390302147,195.70499692755223,195.70499692755223,VESSEL_002,9000002,C0002,70,0,180,28,9.5,70
200000002,2026-01-01 03:40:00,23.44160229833643,38.34006139527409,15.480579390302147,195.70499692755223,195.70499692755223,VESSEL_002,9000002,C0002,70,0,180,28,9.5,70
200000002,2026-01-01 03:50:00,23.399988813842718,38.32757472625039,15.480579390302147,195.70499692755223,195.70499692755223,VESSEL_002,9000002,C0002,70,0,180,28,9.5,70
200000002,2026-01-01 04:00:00,23.35837532934901,38.31508805722669,15.480579390302147,195.70499692755223,195.70499692755223,VESSEL_002,9000002,C0002,70,0,180,28,9.5,70
200000002,2026-01-01 04:10:00,23.316761844855296,38.30260138820299,15.480579390302147,195.70499692755223,195.70499692755223,VESSEL_002,9000002,C0002,70,0,180,28,9.5,70
200000002,2026-01-01 04:20:00,23.275148360361584,38.290114719179286,15.480579390302147,195.70499692755223,195.70499692755223,VESSEL_002,9000002,C0002,70,0,180,28,9.5,70
200000002,2026-01-01 04:30:00,23.23353487586787,38.277628050155585,15.480579390302147,195.70499692755223,195.70499692755223,VESSEL_002,9000002,C0002,70,0,180,28,9.5,70
200000002,2026-01-01 04:40:00,23.19192139137416,38.265141381131876,15.480579390302147,195.70499692755223,195.70499692755223,VESSEL_002,9000002,C0002,70,0,180,28,9.5,70
200000002,2026-01-01 04:50:00,23.15030790688045,38.252654712108175,15.480579390302147,195.70499692755223,195.70499692755223,VESSEL_002,9000002,C0002,70,0,180,28,9.5,70
200000002,2026-01-01 05:00:00,23.108694422386737,38.24016804308447,15.480579390302147,195.70499692755223,195.70499692755223,VESSEL_002,9000002,C0002,70,0,180,28,9.5,70
200000002,2026-01-01 05:10:00,23.067080937893024,38.22768137406077,15.480579390302147,195.70499692755223,195.70499692755223,VESSEL_002,9000002,C0002,70,0,180,28,9.5,70
200000002,2026-01-01 05:20:00,23.025467453399312,38.21519470503707,15.480579390302147,195.70499692755223,195.70499692755223,VESSEL_002,9000002,C0002,70,0,180,28,9.5,70
200000002,2026-01-01 05:30:00,22.9838539689056,38.20270803601337,15.480579390302147,195.70499692755223,195.70499692755223,VESSEL_002,9000002,C0002,70,0,180,28,9.5,70
200000002,2026-01-01 05:40:00,22.942240484411887,38.19022136698966,15.480579390302147,195.70499692755223,195.70499692755223,VESSEL_002,9000002,C0002,70,0,180,28,9.5,70
200000002,2026-01-01 05:50:00,22.900626999918174,38.17773469796596,15.480579390302147,195.70499692755223,195.70499692755223,VESSEL_002,9000002,C0002,70,0,180,28,9.5,70
200000002,2026-01-01 06:00:00,22.859013515424465,38.16524802894226,15.480579390302147,195.70499692755223,195.70499692755223,VESSEL_002,9000002,C0002,70,0,180,28,9.5,70
200000002,2026-01-01 06:10:00,22.817400030930752,38.15276135991856,15.480579390302147,195.70499692755223,195.70499692755223,VESSEL_002,9000002,C0002,70,0,180,28,9.5,70
200000002,2026-01-01 06:20:00,22.77578654643704,38.140274690894856,15.480579390302147,195.70499692755223,195.70499692755223,VESSEL_002,9000002,C0002,70,0,180,28,9.5,70
200000002,2026-01-01 06:30:00,22.734173061943327,38.127788021871154,15.480579390302147,195.70499692755223,195.70499692755223,VESSEL_002,9000002,C0002,70,0,180,28,9.5,70
200000002,2026-01-01 06:40:00,22.692559577449614,38.11530135284745,15.480579390302147,195.70499692755223,195.70499692755223,VESSEL_002,9000002,C0002,70,0,180,28,9.5,70
200000002,2026-01-01 06:50:00,22.650946092955905,38.102814683823745,15.480579390302147,195.70499692755223,195.70499692755223,VESSEL_002,9000002,C0002,70,0,180,28,9.5,70
200000002,2026-01-01 07:00:00,22.609332608462193,38.09032801480004,15.480579390302147,195.70499692755223,195.70499692755223,VESSEL_002,9000002,C0002,70,0,180,28,9.5,70
200000002,2026-01-01 07:10:00,22.56771912396848,38.07784134577634,15.480579390302147,195.70499692755223,195.70499692755223,VESSEL_002,9000002,C0002,70,0,180,28,9.5,70
200000002,2026-01-01 07:20:00,22.526105639474768,38.06535467675264,15.480579390302147,195.70499692755223,195.70499692755223,VESSEL_002,9000002,C0002,70,0,180,28,9.5,70
200000002,2026-01-01 07:30:00,22.484492154981055,38.05286800772894,15.480579390302147,195.70499692755223,195.70499692755223,VESSEL_002,9000002,C0002,70,0,180,28,9.5,70
200000002,2026-01-01 07:40:00,22.442878670487342,38.04038133870524,15.480579390302147,195.70499692755223,195.70499692755223,VESSEL_002,9000002,C0002,70,0,180,28,9.5,70
200000002,2026-01-01 07:50:00,22.40126518599363,38.02789466968153,15.480579390302147,195.70499692755223,195.70499692755223,VESSEL_002,9000002,C0002,70,0,180,28,9.5,70
200000002,2026-01-01 08:00:00,22.35965170149992,38.01540800065783,15.480579390302147,195.70499692755223,195.70499692755223,VESSEL_002,9000002,C0002,70,0,180,28,9.5,70
200000002,2026-01-01 08:10:00,22.318038217006208,38.00292133163413,15.480579390302147,195.70499692755223,195.70499692755223,VESSEL_002,9000002,C0002,70,0,180,28,9.5,70
200000002,2026-01-01 08:20:00,22.276424732512496,37.990434662610426,15.480579390302147,195.70499692755223,195.70499692755223,VESSEL_002,9000002,C0002,70,0,180,28,9.5,70
200000002,2026-01-01 08:30:00,22.234811248018783,37.977947993586724,15.480579390302147,195.70499692755223,195.70499692755223,VESSEL_002,9000002,C0002,70,0,180,28,9.5,70
200000002,2026-01-01 08:40:00,22.19319776352507,37.96546132456302,15.480579390302147,195.70499692755223,195.70499692755223,VESSEL_002,9000002,C0002,70,0,180,28,9.5,70
200000002,2026-01-01 08:50:00,22.151584279031358,37.952974655539315,15.480579390302147,195.70499692755223,195.70499692755223,VESSEL_002,9000002,C0002,70,0,180,28,9.5,70
200000002,2026-01-01 09:00:00,22.10997079453765,37.94048798651561,15.480579390302147,195.70499692755223,195.70499692755223,VESSEL_002,9000002,C0002,70,0,180,28,9.5,70
200000002,2026-01-01 09:10:00,22.068357310043936,37.92800131749191,15.480579390302147,195.70499692755223,195.70499692755223,VESSEL_002,9000002,C0002,70,0,180,28,9.5,70
200000002,2026-01-01 09:20:00,22.026743825550223,37.91551464846821,15.480579390302147,195.70499692755223,195.70499692755223,VESSEL_002,9000002,C0002,70,0,180,28,9.5,70
200000002,2026-01-01 09:30:00,21.98513034105651,37.90302797944451,15.480579390302147,195.70499692755223,195.70499692755223,VESSEL_002,9000002,C0002,70,0,180,28,9.5,70
200000002,2026-01-01 09:40:00,21.9435168565628,37.89054131042081,15.480579390302147,195.70499692755223,195.70499692755223,VESSEL_002,9000002,C0002,70,0,180,28,9.5,70
200000002,2026-01-01 09:50:00,21.901903372069086,37.87805464139711,15.480579390302147,195.70499692755223,195.70499692755223,VESSEL_002,9000002,C0002,70,0,180,28,9.5,70
200000002,2026-01-01 10:00:00,21.860289887575377,37.8655679723734,15.480579390302147,195.70499692755223,195.70499692755223,VESSEL_002,9000002,C0002,70,0,180,28,9.5,70
200000002,2026-01-01 10:10:00,21.818676403081664,37.8530813033497,15.480579390302147,195.70499692755223,195.70499692755223,VESSEL_002,9000002,C0002,70,0,180,28,9.5,70
200000002,2026-01-01 10:20:00,21.77706291858795,37.840594634325996,15.480579390302147,195.70499692755223,195.70499692755223,VESSEL_002,9000002,C0002,70,0,180,28,9.5,70
200000002,2026-01-01 10:30:00,21.73544943409424,37.828107965302294,15.480579390302147,195.70499692755223,195.70499692755223,VESSEL_002,9000002,C0002,70,0,180,28,9.5,70
200000002,2026-01-01 10:40:00,21.693835949600526,37.81562129627859,15.480579390302147,195.70499692755223,195.70499692755223,VESSEL_002,9000002,C0002,70,0,180,28,9.5,70
200000002,2026-01-01 10:50:00,21.652222465106814,37.80313462725489,15.480579390302147,195.70499692755223,195.70499692755223,VESSEL_002,9000002,C0002,70,0,180,28,9.5,70
200000002,2026-01-01 11:00:00,21.610608980613105,37.79064795823118,15.480579390302147,195.70499692755223,195.70499692755223,VESSEL_002,9000002,C0002,70,0,180,28,9.5,70
200000002,2026-01-01 11:10:00,21.568995496119392,37.77816128920748,15.480579390302147,195.70499692755223,195.70499692755223,VESSEL_002,9000002,C0002,70,0,180,28,9.5,70
200000002,2026-01-01 11:20:00,21.52738201162568,37.76567462018378,15.480579390302147,195.70499692755223,195.70499692755223,VESSEL_002,9000002,C0002,70,0,180,28,9.5,70
200000002,2026-01-01 11:30:00,21.485768527131967,37.75318795116008,15.480579390302147,195.70499692755223,195.70499692755223,VESSEL_002,9000002,C0002,70,0,180,28,9.5,70
200000002,2026-01-01 11:40:00,21.444155042638254,37.74070128213638,15.480579390302147,195.70499692755223,195.70499692755223,VESSEL_002,9000002,C0002,70,0,180,28,9.5,70
200000002,2026-01-01 11:50:00,21.40254155814454,37.72821461311268,15.480579390302147,195.70499692755223,195.70499692755223,VESSEL_002,9000002,C0002,70,0,180,28,9.5,70
200000002,2026-01-01 12:00:00,21.36092807365083,37.715727944088975,15.480579390302147,195.70499692755223,195.70499692755223,VESSEL_002,9000002,C0002,70,0,180,28,9.5,70
200000003,2026-01-01 00:00:00,20.303263326328796,39.47775234436447,8.268684602443715,308.66553957152496,308.66553957152496,VESSEL_003,9000003,C0003,70,0,180,28,9.5,70
200000003,2026-01-01 00:10:00,20.31768876600842,39.45853823798554,8.268684602443715,308.66553957152496,308.66553957152496,VESSEL_003,9000003,C0003,70,0,180,28,9.5,70
200000003,2026-01-01 00:20:00,20.332114205688043,39.43932413160662,8.268684602443715,308.66553957152496,308.66553957152496,VESSEL_003,9000003,C0003,70,0,180,28,9.5,70
200000003,2026-01-01 00:30:00,20.346539645367667,39.420110025227686,8.268684602443715,308.66553957152496,308.66553957152496,VESSEL_003,9000003,C0003,70,0,180,28,9.5,70
200000003,2026-01-01 00:40:00,20.36096508504729,39.40089591884876,8.268684602443715,308.66553957152496,308.66553957152496,VESSEL_003,9000003,C0003,70,0,180,28,9.5,70
200000003,2026-01-01 00:50:00,20.375390524726914,39.381681812469836,8.268684602443715,308.66553957152496,308.66553957152496,VESSEL_003,9000003,C0003,70,0,180,28,9.5,70
200000003,2026-01-01 01:00:00,20.389815964406534,39.36246770609091,8.268684602443715,308.66553957152496,308.66553957152496,VESSEL_003,9000003,C0003,70,0,180,28,9.5,70
200000003,2026-01-01 01:10:00,20.404241404086157,39.343253599711986,8.268684602443715,308.66553957152496,308.66553957152496,VESSEL_003,9000003,C0003,70,0,180,28,9.5,70
200000003,2026-01-01 01:20:00,20.41866684376578,39.32403949333306,8.268684602443715,308.66553957152496,308.66553957152496,VESSEL_003,9000003,C0003,70,0,180,28,9.5,70
200000003,2026-01-01 01:30:00,20.433092283445404,39.304825386954136,8.268684602443715,308.66553957152496,308.66553957152496,VESSEL_003,9000003,C0003,70,0,180,28,9.5,70
200000003,2026-01-01 01:40:00,20.447517723125028,39.2856112805752,8.268684602443715,308.66553957152496,308.66553957152496,VESSEL_003,9000003,C0003,70,0,180,28,9.5,70
200000003,2026-01-01 01:50:00,20.46194316280465,39.26639717419628,8.268684602443715,308.66553957152496,308.66553957152496,VESSEL_003,9000003,C0003,70,0,180,28,9.5,70
200000003,2026-01-01 02:00:00,20.476368602484275,39.24718306781735,8.268684602443715,308.66553957152496,308.66553957152496,VESSEL_003,9000003,C0003,70,0,180,28,9.5,70
200000003,2026-01-01 02:10:00,20.490794042163895,39.22796896143843,8.268684602443715,308.66553957152496,308.66553957152496,VESSEL_003,9000003,C0003,70,0,180,28,9.5,70
200000003,2026-01-01 02:20:00,20.50521948184352,39.2087548550595,8.268684602443715,308.66553957152496,308.66553957152496,VESSEL_003,9000003,C0003,70,0,180,28,9.5,70
200000003,2026-01-01 02:30:00,20.519644921523142,39.18954074868058,8.268684602443715,308.66553957152496,308.66553957152496,VESSEL_003,9000003,C0003,70,0,180,28,9.5,70
200000003,2026-01-01 02:40:00,20.534070361202765,39.17032664230165,8.268684602443715,308.66553957152496,308.66553957152496,VESSEL_003,9000003,C0003,70,0,180,28,9.5,70
200000003,2026-01-01 02:50:00,20.54849580088239,39.15111253592272,8.268684602443715,308.66553957152496,308.66553957152496,VESSEL_003,9000003,C0003,70,0,180,28,9.5,70
200000003,2026-01-01 03:00:00,20.562921240562012,39.131898429543796,8.268684602443715,308.66553957152496,308.66553957152496,VESSEL_003,9000003,C0003,70,0,180,28,9.5,70
200000003,2026-01-01 03:10:00,20.577346680241636,39.11268432316487,8.268684602443715,308.66553957152496,308.66553957152496,VESSEL_003,9000003,C0003,70,0,180,28,9.5,70
200000003,2026-01-01 03:20:00,20.59177211992126,39.093470216785946,8.268684602443715,308.66553957152496,308.66553957152496,VESSEL_003,9000003,C0003,70,0,180,28,9.5,70
200000003,2026-01-01 03:30:00,20.60619755960088,39.07425611040702,8.268684602443715,308.66553957152496,308.66553957152496,VESSEL_003,9000003,C0003,70,0,180,28,9.5,70
200000003,2026-01-01 03:40:00,20.620622999280503,39.055042004028095,8.268684602443715,308.66553957152496,308.66553957152496,VESSEL_003,9000003,C0003,70,0,180,28,9.5,70
200000003,2026-01-01 03:50:00,20.635048438960126,39.03582789764917,8.268684602443715,308.66553957152496,308.66553957152496,VESSEL_003,9000003,C0003,70,0,180,28,9.5,70
200000003,2026-01-01 04:00:00,20.64947387863975,39.01661379127024,8.268684602443715,308.66553957152496,308.66553957152496,VESSEL_003,9000003,C0003,70,0,180,28,9.5,70
200000003,2026-01-01 04:10:00,20.663899318319373,38.99739968489131,8.268684602443715,308.66553957152496,308.66553957152496,VESSEL_003,9000003,C0003,70,0,180,28,9.5,70
200000003,2026-01-01 04:20:00,20.678324757998997,38.97818557851239,8.268684602443715,308.66553957152496,308.66553957152496,VESSEL_003,9000003,C0003,70,0,180,28,9.5,70
200000003,2026-01-01 04:30:00,20.69275019767862,38.95897147213346,8.268684602443715,308.66553957152496,308.66553957152496,VESSEL_003,9000003,C0003,70,0,180,28,9.5,70
200000003,2026-01-01 04:40:00,20.70717563735824,38.93975736575454,8.268684602443715,308.66553957152496,308.66553957152496,VESSEL_003,9000003,C0003,70,0,180,28,9.5,70
200000003,2026-01-01 04:50:00,20.721601077037864,38.92054325937561,8.268684602443715,308.66553957152496,308.66553957152496,VESSEL_003,9000003,C0003,70,0,180,28,9.5,70
200000003,2026-01-01 05:00:00,20.736026516717487,38.90132915299669,8.268684602443715,308.66553957152496,308.66553957152496,VESSEL_003,9000003,C0003,70,0,180,28,9.5,70
200000003,2026-01-01 05:10:00,20.75045195639711,38.882115046617756,8.268684602443715,308.66553957152496,308.66553957152496,VESSEL_003,9000003,C0003,70,0,180,28,9.5,70
200000003,2026-01-01 05:20:00,20.764877396076734,38.86290094023883,8.268684602443715,308.66553957152496,308.66553957152496,VESSEL_003,9000003,C0003,70,0,180,28,9.5,70
200000003,2026-01-01 05:30:00,20.779302835756358,38.843686833859906,8.268684602443715,308.66553957152496,308.66553957152496,VESSEL_003,9000003,C0003,70,0,180,28,9.5,70
200000003,2026-01-01 05:40:00,20.79372827543598,38.82447272748098,8.268684602443715,308.66553957152496,308.66553957152496,VESSEL_003,9000003,C0003,70,0,180,28,9.5,70
200000003,2026-01-01 05:50:00,20.808153715115605,38.805258621102055,8.268684602443715,308.66553957152496,308.66553957152496,VESSEL_003,9000003,C0003,70,0,180,28,9.5,70
200000003,2026-01-01 06:00:00,20.822579154795225,38.78604451472313,8.268684602443715,308.66553957152496,308.66553957152496,VESSEL_003,9000003,C0003,70,0,180,28,9.5,70
200000003,2026-01-01 06:10:00,20.83700459447485,38.766830408344205,8.268684602443715,308.66553957152496,308.66553957152496,VESSEL_003,9000003,C0003,70,0,180,28,9.5,70
200000003,2026-01-01 06:20:00,20.851430034154472,38.74761630196527,8.268684602443715,308.66553957152496,308.66553957152496,VESSEL_003,9000003,C0003,70,0,180,28,9.5,70
200000003,2026-01-01 06:30:00,20.865855473834095,38.72840219558635,8.268684602443715,308.66553957152496,308.66553957152496,VESSEL_003,9000003,C0003,70,0,180,28,9.5,70
200000003,2026-01-01 06:40:00,20.88028091351372,38.70918808920742,8.268684602443715,308.66553957152496,308.66553957152496,VESSEL_003,9000003,C0003,70,0,180,28,9.5,70
200000003,2026-01-01 06:50:00,20.894706353193342,38.6899739828285,8.268684602443715,308.66553957152496,308.66553957152496,VESSEL_003,9000003,C0003,70,0,180,28,9.5,70
200000003,2026-01-01 07:00:00,20.909131792872966,38.67075987644957,8.268684602443715,308.66553957152496,308.66553957152496,VESSEL_003,9000003,C0003,70,0,180,28,9.5,70
200000003,2026-01-01 07:10:00,20.923557232552586,38.65154577007065,8.268684602443715,308.66553957152496,308.66553957152496,VESSEL_003,9000003,C0003,70,0,180,28,9.5,70
200000003,2026-01-01 07:20:00,20.93798267223221,38.63233166369172,8.268684602443715,308.66553957152496,308.66553957152496,VESSEL_003,9000003,C0003,70,0,180,28,9.5,70
200000003,2026-01-01 07:30:00,20.952408111911833,38.61311755731279,8.268684602443715,308.66553957152496,308.66553957152496,VESSEL_003,9000003,C0003,70,0,180,28,9.5,70
200000003,2026-01-01 07:40:00,20.966833551591456,38.593903450933865,8.268684602443715,308.66553957152496,308.66553957152496,VESSEL_003,9000003,C0003,70,0,180,28,9.5,70
200000003,2026-01-01 07:50:00,20.98125899127108,38.57468934455494,8.268684602443715,308.66553957152496,308.66553957152496,VESSEL_003,9000003,C0003,70,0,180,28,9.5,70
200000003,2026-01-01 08:00:00,20.995684430950703,38.555475238176015,8.268684602443715,308.66553957152496,308.66553957152496,VESSEL_003,9000003,C0003,70,0,180,28,9.5,70
200000003,2026-01-01 08:10:00,21.010109870630327,38.53626113179709,8.268684602443715,308.66553957152496,308.66553957152496,VESSEL_003,9000003,C0003,70,0,180,28,9.5,70
200000003,2026-01-01 08:20:00,21.02453531030995,38.517047025418165,8.268684602443715,308.66553957152496,308.66553957152496,VESSEL_003,9000003,C0003,70,0,180,28,9.5,70
200000003,2026-01-01 08:30:00,21.03896074998957,38.49783291903924,8.268684602443715,308.66553957152496,308.66553957152496,VESSEL_003,9000003,C0003,70,0,180,28,9.5,70
200000003,2026-01-01 08:40:00,21.053386189669194,38.47861881266031,8.268684602443715,308.66553957152496,308.66553957152496,VESSEL_003,9000003,C0003,70,0,180,28,9.5,70
200000003,2026-01-01 08:50:00,21.067811629348817,38.45940470628138,8.268684602443715,308.66553957152496,308.66553957152496,VESSEL_003,9000003,C0003,70,0,180,28,9.5,70
200000003,2026-01-01 09:00:00,21.08223706902844,38.44019059990246,8.268684602443715,308.66553957152496,308.66553957152496,VESSEL_003,9000003,C0003,70,0,180,28,9.5,70
200000003,2026-01-01 09:10:00,21.096662508708064,38.42097649352353,8.268684602443715,308.66553957152496,308.66553957152496,VESSEL_003,9000003,C0003,70,0,180,28,9.5,70
200000003,2026-01-01 09:20:00,21.111087948387688,38.40176238714461,8.268684602443715,308.66553957152496,308.66553957152496,VESSEL_003,9000003,C0003,70,0,180,28,9.5,70
200000003,2026-01-01 09:30:00,21.12551338806731,38.38254828076568,8.268684602443715,308.66553957152496,308.66553957152496,VESSEL_003,9000003,C0003,70,0,180,28,9.5,70
200000003,2026-01-01 09:40:00,21.13993882774693,38.36333417438676,8.268684602443715,308.66553957152496,308.66553957152496,VESSEL_003,9000003,C0003,70,0,180,28,9.5,70
200000003,2026-01-01 09:50:00,21.154364267426555,38.344120068007825,8.268684602443715,308.66553957152496,308.66553957152496,VESSEL_003,9000003,C0003,70,0,180,28,9.5,70
200000003,2026-01-01 10:00:00,21.16878970710618,38.3249059616289,8.268684602443715,308.66553957152496,308.66553957152496,VESSEL_003,9000003,C0003,70,0,180,28,9.5,70
200000003,2026-01-01 10:10:00,21.183215146785802,38.305691855249975,8.268684602443715,308.66553957152496,308.66553957152496,VESSEL_003,9000003,C0003,70,0,180,28,9.5,70
200000003,2026-01-01 10:20:00,21.197640586465425,38.28647774887105,8.268684602443715,308.66553957152496,308.66553957152496,VESSEL_003,9000003,C0003,70,0,180,28,9.5,70
200000003,2026-01-01 10:30:00,21.21206602614505,38.267263642492125,8.268684602443715,308.66553957152496,308.66553957152496,VESSEL_003,9000003,C0003,70,0,180,28,9.5,70
200000003,2026-01-01 10:40:00,21.226491465824672,38.2480495361132,8.268684602443715,308.66553957152496,308.66553957152496,VESSEL_003,9000003,C0003,70,0,180,28,9.5,70
200000003,2026-01-01 10:50:00,21.240916905504296,38.228835429734275,8.268684602443715,308.66553957152496,308.66553957152496,VESSEL_003,9000003,C0003,70,0,180,28,9.5,70
200000003,2026-01-01 11:00:00,21.255342345183916,38.20962132335534,8.268684602443715,308.66553957152496,308.66553957152496,VESSEL_003,9000003,C0003,70,0,180,28,9.5,70
200000003,2026-01-01 11:10:00,21.26976778486354,38.19040721697642,8.268684602443715,308.66553957152496,308.66553957152496,VESSEL_003,9000003,C0003,70,0,180,28,9.5,70
200000003,2026-01-01 11:20:00,21.284193224543163,38.17119311059749,8.268684602443715,308.66553957152496,308.66553957152496,VESSEL_003,9000003,C0003,70,0,180,28,9.5,70
200000003,2026-01-01 11:30:00,21.298618664222786,38.15197900421857,8.268684602443715,308.66553957152496,308.66553957152496,VESSEL_003,9000003,C0003,70,0,180,28,9.5,70
200000003,2026-01-01 11:40:00,21.31304410390241,38.13276489783964,8.268684602443715,308.66553957152496,308.66553957152496,VESSEL_003,9000003,C0003,70,0,180,28,9.5,70
200000003,2026-01-01 11:50:00,21.327469543582033,38.11355079146072,8.268684602443715,308.66553957152496,308.66553957152496,VESSEL_003,9000003,C0003,70,0,180,28,9.5,70
200000003,2026-01-01 12:00:00,21.341894983261657,38.09433668508179,8.268684602443715,308.66553957152496,308.66553957152496,VESSEL_003,9000003,C0003,70,0,180,28,9.5,70
999000001,2026-01-01 00:00:00,19.473852258939253,36.88821874115368,12.0,55.0,55.0,SUSPECT_A,9111111,SUSA,80,0,240,40,12.0,80
999000001,2026-01-01 00:10:00,19.493071791418394,36.91737499128189,12.0,55.0,55.0,SUSPECT_A,9111111,SUSA,80,0,240,40,12.0,80
999000001,2026-01-01 00:20:00,19.512291323897536,36.9465312414101,12.0,55.0,55.0,SUSPECT_A,9111111,SUSA,80,0,240,40,12.0,80
999000001,2026-01-01 00:30:00,19.531510856376677,36.9756874915383,12.0,55.0,55.0,SUSPECT_A,9111111,SUSA,80,0,240,40,12.0,80
999000001,2026-01-01 00:40:00,19.55073038885582,37.00484374166651,12.0,55.0,55.0,SUSPECT_A,9111111,SUSA,80,0,240,40,12.0,80
999000001,2026-01-01 00:50:00,19.56994992133496,37.033999991794715,12.0,55.0,55.0,SUSPECT_A,9111111,SUSA,80,0,240,40,12.0,80
999000001,2026-01-01 01:00:00,19.5891694538141,37.063156241922925,12.0,55.0,55.0,SUSPECT_A,9111111,SUSA,80,0,240,40,12.0,80
999000001,2026-01-01 01:10:00,19.608388986293242,37.092312492051136,12.0,55.0,55.0,SUSPECT_A,9111111,SUSA,80,0,240,40,12.0,80
999000001,2026-01-01 01:20:00,19.627608518772384,37.12146874217934,12.0,55.0,55.0,SUSPECT_A,9111111,SUSA,80,0,240,40,12.0,80
999000001,2026-01-01 01:30:00,19.646828051251525,37.15062499230755,12.0,55.0,55.0,SUSPECT_A,9111111,SUSA,80,0,240,40,12.0,80
999000001,2026-01-01 01:40:00,19.666047583730666,37.17978124243576,12.0,55.0,55.0,SUSPECT_A,9111111,SUSA,80,0,240,40,12.0,80
999000001,2026-01-01 01:50:00,19.685267116209808,37.20893749256396,12.0,55.0,55.0,SUSPECT_A,9111111,SUSA,80,0,240,40,12.0,80
999000001,2026-01-01 02:00:00,19.70448664868895,37.23809374269217,12.0,55.0,55.0,SUSPECT_A,9111111,SUSA,80,0,240,40,12.0,80
999000001,2026-01-01 02:10:00,19.72370618116809,37.26724999282038,12.0,55.0,55.0,SUSPECT_A,9111111,SUSA,80,0,240,40,12.0,80
999000001,2026-01-01 02:20:00,19.74292571364723,37.296406242948585,12.0,55.0,55.0,SUSPECT_A,9111111,SUSA,80,0,240,40,12.0,80
999000001,2026-01-01 02:30:00,19.762145246126373,37.325562493076795,12.0,55.0,55.0,SUSPECT_A,9111111,SUSA,80,0,240,40,12.0,80
999000001,2026-01-01 02:40:00,19.781364778605514,37.354718743205,12.0,55.0,55.0,SUSPECT_A,9111111,SUSA,80,0,240,40,12.0,80
999000001,2026-01-01 02:50:00,19.800584311084656,37.38387499333321,12.0,55.0,55.0,SUSPECT_A,9111111,SUSA,80,0,240,40,12.0,80
999000001,2026-01-01 03:00:00,19.819803843563797,37.41303124346142,12.0,55.0,55.0,SUSPECT_A,9111111,SUSA,80,0,240,40,12.0,80
999000001,2026-01-01 03:10:00,19.839023376042938,37.44218749358962,12.0,55.0,55.0,SUSPECT_A,9111111,SUSA,80,0,240,40,12.0,80
999000001,2026-01-01 03:20:00,19.85824290852208,37.47134374371783,12.0,55.0,55.0,SUSPECT_A,9111111,SUSA,80,0,240,40,12.0,80
999000001,2026-01-01 03:30:00,19.87746244100122,37.50049999384604,12.0,55.0,55.0,SUSPECT_A,9111111,SUSA,80,0,240,40,12.0,80
999000001,2026-01-01 03:40:00,19.896681973480362,37.529656243974244,12.0,55.0,55.0,SUSPECT_A,9111111,SUSA,80,0,240,40,12.0,80
999000001,2026-01-01 03:50:00,19.915901505959503,37.558812494102455,12.0,55.0,55.0,SUSPECT_A,9111111,SUSA,80,0,240,40,12.0,80
999000001,2026-01-01 04:00:00,19.935121038438645,37.587968744230665,12.0,55.0,55.0,SUSPECT_A,9111111,SUSA,80,0,240,40,12.0,80
999000001,2026-01-01 04:10:00,19.954340570917786,37.61712499435887,12.0,55.0,55.0,SUSPECT_A,9111111,SUSA,80,0,240,40,12.0,80
999000001,2026-01-01 04:20:00,19.973560103396927,37.64628124448708,12.0,55.0,55.0,SUSPECT_A,9111111,SUSA,80,0,240,40,12.0,80
999000001,2026-01-01 04:30:00,19.99277963587607,37.67543749461528,12.0,55.0,55.0,SUSPECT_A,9111111,SUSA,80,0,240,40,12.0,80
999000001,2026-01-01 04:40:00,20.01199916835521,37.70459374474349,12.0,55.0,55.0,SUSPECT_A,9111111,SUSA,80,0,240,40,12.0,80
999000001,2026-01-01 04:50:00,20.03121870083435,37.7337499948717,12.0,55.0,55.0,SUSPECT_A,9111111,SUSA,80,0,240,40,12.0,80
999000001,2026-01-01 05:00:00,20.050438233313493,37.762906244999904,12.0,55.0,55.0,SUSPECT_A,9111111,SUSA,80,0,240,40,12.0,80
999000001,2026-01-01 05:10:00,20.069657765792634,37.792062495128114,12.0,55.0,55.0,SUSPECT_A,9111111,SUSA,80,0,240,40,12.0,80
999000001,2026-01-01 05:20:00,20.088877298271775,37.821218745256324,12.0,55.0,55.0,SUSPECT_A,9111111,SUSA,80,0,240,40,12.0,80
999000001,2026-01-01 05:30:00,20.108096830750917,37.85037499538453,12.0,55.0,55.0,SUSPECT_A,9111111,SUSA,80,0,240,40,12.0,80
999000001,2026-01-01 05:40:00,20.127316363230058,37.87953124551274,12.0,55.0,55.0,SUSPECT_A,9111111,SUSA,80,0,240,40,12.0,80
999000001,2026-01-01 05:50:00,20.1465358957092,37.90868749564094,12.0,55.0,55.0,SUSPECT_A,9111111,SUSA,80,0,240,40,12.0,80
999000001,2026-01-01 06:00:00,20.16575542818834,37.93784374576915,12.0,55.0,55.0,SUSPECT_A,9111111,SUSA,80,0,240,40,12.0,80
999000001,2026-01-01 06:10:00,20.184974960667482,37.96699999589736,12.0,55.0,55.0,SUSPECT_A,9111111,SUSA,80,0,240,40,12.0,80
999000001,2026-01-01 06:20:00,20.204194493146623,37.99615624602556,12.0,55.0,55.0,SUSPECT_A,9111111,SUSA,80,0,240,40,12.0,80
999000001,2026-01-01 06:30:00,20.223414025625765,38.025312496153774,12.0,55.0,55.0,SUSPECT_A,9111111,SUSA,80,0,240,40,12.0,80
999000001,2026-01-01 06:40:00,20.242633558104906,38.054468746281984,12.0,55.0,55.0,SUSPECT_A,9111111,SUSA,80,0,240,40,12.0,80
999000001,2026-01-01 06:50:00,20.261853090584047,38.08362499641019,12.0,55.0,55.0,SUSPECT_A,9111111,SUSA,80,0,240,40,12.0,80
999000001,2026-01-01 07:00:00,20.281072623063185,38.1127812465384,12.0,55.0,55.0,SUSPECT_A,9111111,SUSA,80,0,240,40,12.0,80
999000001,2026-01-01 07:10:00,20.300292155542326,38.14193749666661,12.0,55.0,55.0,SUSPECT_A,9111111,SUSA,80,0,240,40,12.0,80
999000001,2026-01-01 07:20:00,20.319511688021468,38.17109374679481,12.0,55.0,55.0,SUSPECT_A,9111111,SUSA,80,0,240,40,12.0,80
999000001,2026-01-01 07:30:00,20.33873122050061,38.20024999692302,12.0,55.0,55.0,SUSPECT_A,9111111,SUSA,80,0,240,40,12.0,80
999000001,2026-01-01 07:40:00,20.35795075297975,38.22940624705122,12.0,55.0,55.0,SUSPECT_A,9111111,SUSA,80,0,240,40,12.0,80
999000001,2026-01-01 07:50:00,20.37717028545889,38.25856249717943,12.0,55.0,55.0,SUSPECT_A,9111111,SUSA,80,0,240,40,12.0,80
999000001,2026-01-01 08:00:00,20.396389817938033,38.28771874730764,12.0,55.0,55.0,SUSPECT_A,9111111,SUSA,80,0,240,40,12.0,80
999000001,2026-01-01 08:10:00,20.415609350417174,38.316874997435846,12.0,55.0,55.0,SUSPECT_A,9111111,SUSA,80,0,240,40,12.0,80
999000001,2026-01-01 08:20:00,20.434828882896316,38.346031247564056,12.0,55.0,55.0,SUSPECT_A,9111111,SUSA,80,0,240,40,12.0,80
999000001,2026-01-01 08:30:00,20.454048415375457,38.37518749769227,12.0,55.0,55.0,SUSPECT_A,9111111,SUSA,80,0,240,40,12.0,80
999000001,2026-01-01 08:40:00,20.4732679478546,38.40434374782047,12.0,55.0,55.0,SUSPECT_A,9111111,SUSA,80,0,240,40,12.0,80
999000001,2026-01-01 08:50:00,20.49248748033374,38.43349999794868,12.0,55.0,55.0,SUSPECT_A,9111111,SUSA,80,0,240,40,12.0,80
999000001,2026-01-01 09:00:00,20.51170701281288,38.46265624807688,12.0,55.0,55.0,SUSPECT_A,9111111,SUSA,80,0,240,40,12.0,80
999000001,2026-01-01 09:10:00,20.530926545292022,38.49181249820509,12.0,55.0,55.0,SUSPECT_A,9111111,SUSA,80,0,240,40,12.0,80
999000001,2026-01-01 09:20:00,20.550146077771164,38.5209687483333,12.0,55.0,55.0,SUSPECT_A,9111111,SUSA,80,0,240,40,12.0,80
999000001,2026-01-01 09:30:00,20.569365610250305,38.550124998461506,12.0,55.0,55.0,SUSPECT_A,9111111,SUSA,80,0,240,40,12.0,80
999000001,2026-01-01 09:40:00,20.588585142729446,38.579281248589716,12.0,55.0,55.0,SUSPECT_A,9111111,SUSA,80,0,240,40,12.0,80
999000001,2026-01-01 09:50:00,20.607804675208587,38.608437498717926,12.0,55.0,55.0,SUSPECT_A,9111111,SUSA,80,0,240,40,12.0,80
999000001,2026-01-01 10:00:00,20.62702420768773,38.63759374884613,12.0,55.0,55.0,SUSPECT_A,9111111,SUSA,80,0,240,40,12.0,80
999000001,2026-01-01 10:10:00,20.723121870083435,38.783374999487165,6.0,55.0,55.0,SUSPECT_A,9111111,SUSA,80,0,240,40,12.0,80
999000001,2026-01-01 10:20:00,20.732731636323006,38.79795312455127,6.0,55.0,55.0,SUSPECT_A,9111111,SUSA,80,0,240,40,12.0,80
999000001,2026-01-01 10:30:00,20.742341402562577,38.812531249615375,6.0,55.0,55.0,SUSPECT_A,9111111,SUSA,80,0,240,40,12.0,80
